date_sent,subject,filename
"Jun 01, 2023 09:46 pm",Philly Bike Action! (Our first email),12607842_philly-bike-action-newsletter.html
"Jun 18, 2023 10:34 am",Philly Bike Action!,12610990_philly-bike-action-newsletter.html
"Jul 02, 2023 12:13 pm",Philly Bike Action!,12612497_philly-bike-action-newsletter-copy-03-.html
"Jul 16, 2023 02:06 pm",Philly Bike Action!,12616486_philly-bike-action-newsletter-copy-04-.html
"Aug 10, 2023 07:51 am",Philly Bike Action!,12620070_philly-bike-action-newsletter-copy-05-.html
"Aug 16, 2023 07:52 pm",Philly Bike Action Sticker Order,12621881_philly-bike-action-sticker-fundraiser-.html
"Sep 09, 2023 01:02 pm",Philly Bike Action!,12649981_philly-bike-action-newsletter-copy-08-.html
"Oct 29, 2023 07:49 pm",Philly Bike Action District 1 Meeting Tomorrow,12659041_philly-bike-action-event-reminder-copy-02-.html
"Oct 31, 2023 08:42 pm",Philly Bike Action November Newsletter,12659454_philly-bike-action-newsletter-copy-09-.html
"Dec 19, 2023 11:00 pm",Call to Action (Do not renew bike lane parking permits!),12669405_philly-bike-action-event-reminder-copy-05-.html
"Dec 31, 2023 03:00 pm",Philly Bike Action January Newsletter,12670928_philly-bike-action-newsletter-copy-10-.html
"Feb 01, 2024 08:21 am",Philly Bike Action February Newsletter,12676563_philly-bike-action-newsletter-copy-11-.html
"Mar 06, 2024 03:07 pm",Philly Bike Action March Newsletter - Now Accepting Donations!,12683137_philly-bike-action-newsletter-march.html
"Mar 27, 2024 09:27 pm",Call to Action (Withdraw the bike lane parking permits!),12686460_philly-bike-action-call-to-action-copy-01-.html
"Apr 03, 2024 10:34 am",Philly Bike Action April Newsletter - Celebrating a Great Month!,12686805_philly-bike-action-newsletter-april.html
"Jun 10, 2024 12:20 pm",Philly Bike Action June Newsletter - One Year Recap!,12696790_philly-bike-action-newsletter-june-2024.html
"Jun 30, 2024 07:11 pm",Philly Bike Action July Newsletter,12698942_philly-bike-action-newsletter-july-2024.html
"Jul 22, 2024 07:30 am",TAKE ACTION to demand safe streets:,12701023_safe-streets-campaign-and-ride-email.html
"Aug 01, 2024 12:02 pm",Philly Bike Action August Newsletter - Old Pine Withdraws Permits!,12702101_philly-bike-action-newsletter-august-2024-concrete-now-.html
"Aug 27, 2024 05:35 pm",Petition Update - Church Bike Lane Parking Permit Campaign WIN!,12704687_philly-bike-action-church-permit-petition-update-.html
"Sep 01, 2024 11:00 am",Philly Bike Action September Newsletter - Take the Lane to City Council!,12704550_philly-bike-action-newsletter-september-2024.html
"Oct 01, 2024 09:29 am",Philly Bike Action October Newsletter,12708344_philly-bike-action-newsletter-october-2024.html
"Nov 01, 2024 09:53 am",Philly Bike Action November Newsletter,12711462_philly-bike-action-newsletter-november-2024.html
"Dec 01, 2024 09:00 am",PBA! December Newsletter,12714280_philly-bike-action-newsletter-december-2024.html
"Jan 01, 2025 09:00 am",PBA! January Newsletter,12718384_philly-bike-action-newsletter-jan-2025.html
"Feb 01, 2025 09:35 am",PBA! February Newsletter - T-Shirts! Vision Zero Funding!,12720680_philly-bike-action-newsletter-feb-2025.html
"Feb 12, 2025 09:22 am",TAKE ACTION: $5 million for Vision Zero Funding! City Hall Feb 18,12722814_philly-bike-action-5-million-for-vision-zero-funding-.html
"Feb 28, 2025 09:00 am",PBA! March Newsletter - Save the 3rd St Bike Lane!,12724203_philly-bike-action-newsletter-march-2025.html
"Apr 01, 2025 01:57 pm",PBA! April Newsletter - Guest Speaker April 7,13910839_philly-bike-action-newsletter-april-2025.html
"May 01, 2025 01:00 pm",PBA May Newsletter!,13983906_philly-bike-action-newsletter-may-2025.html
"Jun 01, 2025 01:00 pm",PBA June Newsletter!,14056325_philly-bike-action-newsletter-june-2025.html
"Jul 01, 2025 10:58 am",PBA July Newsletter!,14112283_philly-bike-action-newsletter-july-2025.html
"Aug 01, 2025 01:00 pm",PBA August Newsletter!,14180397_philly-bike-action-newsletter-august-2025.html
"Aug 21, 2025 01:17 pm",September 5 - Join our ride for Concrete Protection for ALL of Spruce & Pine!,14235252_concrete-now-every-block-ride.html
"Sep 01, 2025 01:00 pm",PBA September Newsletter!,14270865_philly-bike-action-newsletter-september-2025.html
"Oct 01, 2025 12:52 pm","PBA October Newsletter! Oct 12: Belmont ""Speedway"" Family Picnic!",14344220_philly-bike-action-newsletter-october-2025.html
"Nov 01, 2025 12:00 pm",PBA November Newsletter!,14444149_philly-bike-action-newsletter-november-2025.html
"Dec 01, 2025 02:15 pm",PBA December Newsletter!,14502413_philly-bike-action-newsletter-december-2025.html
"Jan 01, 2026 01:00 pm",PBA January Newsletter!,14576509_philly-bike-action-newsletter-january-2026.html
"Jan 31, 2026 12:59 pm",PBA February Newsletter!,14634576_philly-bike-action-newsletter-february-2026.html
"Mar 01, 2026 01:42 pm",PBA March Newsletter!,14695614_philly-bike-action-newsletter-march-2026.html
